Symbol,Contract
DTT,0x6c170f8daBE417e75e4A717A7B9D1ad39c23D3b3
UTRX,0x5835B205eC7233b01ADa846B0a58D5aA20Da22fA
NRG,0xFCaB274Ca815F0F89E26197c1E7932B36c94c0e3
OIB,0x249d1085FC4e4074e00eBC315dF08f7dCd707420
OGB,0xF09d19D04B6Ea1635BAe1c518ce1cFe1be6f4125
SHO,0xF53B88Ac178B045E34183ec21A01327345D245E8
UNY,0x3b7a56B6778adA2B341F49be3755Da6Ef455578d
OFT,0xAE6801DbBe0404f75390B7Fd22FC49A9bbFb55a1
NILX,0x857a05e920b911497554a1142829e9015b670900
UCLAX,0x9d48f28a4550964121864dcd7574ff493b68713e
LSUX,0xA4DBC7358F5382770D8Cdfd828e9Ed489228C7a4
USCX,0x757cebAca4132378c054c29CaCDE15948d89F50a
GOATX,0x0850981d20A6F0F39520bB3A53b2B9650790d00f
ATHX,0xd00e1A767AaBEfCc1be2D60e4cb84E392070e2Ea
GSwitch,0x33b4656465f4968b701194c7061d74b36c2611bd
WUF,0xa78f40f73ea565f61a1db90e654bf0ea37c529d1
QuickBuck,0x567512c4ea81d221f8f4cc1f378092c5016e340f
TROX,0x7c26dBc201beD4c081C304Fd3869cFa4bE5dEBe2
